feat_i,feat_j,name_i,name_j,cv_mean_acc,cv_std_acc,fold_accuracies,rank
0,6,alcohol,flavanoids,0.9436666666666665,0.040666666666666657,1.000000000000;0.880000000000;0.960000000000;0.920000000000;0.958333333333,1
6,9,flavanoids,color_intensity,0.9189999999999999,0.02690724809414741,0.920000000000;0.920000000000;0.960000000000;0.920000000000;0.875000000000,2
11,12,od280/od315_of_diluted_wines,proline,0.9036666666666667,0.06947741439569488,0.800000000000;0.960000000000;0.840000000000;0.960000000000;0.958333333333,3
0,11,alcohol,od280/od315_of_diluted_wines,0.9033333333333333,0.04055175020198813,0.920000000000;0.960000000000;0.880000000000;0.840000000000;0.916666666667,4
6,12,flavanoids,proline,0.8876666666666667,0.038580363456614114,0.840000000000;0.880000000000;0.880000000000;0.880000000000;0.958333333333,5
0,10,alcohol,hue,0.8873333333333333,0.09238566507370671,0.880000000000;0.920000000000;1.000000000000;0.720000000000;0.916666666667,6
10,12,hue,proline,0.8796666666666667,0.05609911863043048,0.840000000000;0.920000000000;0.880000000000;0.800000000000;0.958333333333,7
0,5,alcohol,total_phenols,0.8789999999999999,0.025377155080899064,0.880000000000;0.880000000000;0.920000000000;0.840000000000;0.875000000000,8
6,10,flavanoids,hue,0.8789999999999999,0.035832945734337866,0.920000000000;0.840000000000;0.840000000000;0.920000000000;0.875000000000,9
9,12,color_intensity,proline,0.8786666666666667,0.05756542171979439,0.800000000000;0.920000000000;0.960000000000;0.880000000000;0.833333333333,10
5,9,total_phenols,color_intensity,0.8703333333333333,0.0791650877035522,0.920000000000;0.960000000000;0.920000000000;0.760000000000;0.791666666667,11
9,11,color_intensity,od280/od315_of_diluted_wines,0.8626666666666665,0.05491002741859731,0.880000000000;0.960000000000;0.840000000000;0.800000000000;0.833333333333,12
0,9,alcohol,color_intensity,0.8550000000000001,0.04024922359499622,0.840000000000;0.840000000000;0.920000000000;0.800000000000;0.875000000000,13
9,10,color_intensity,hue,0.8466666666666667,0.06422183775355891,0.800000000000;0.920000000000;0.920000000000;0.760000000000;0.833333333333,14
0,12,alcohol,proline,0.8386666666666667,0.056631361550920814,0.800000000000;0.880000000000;0.920000000000;0.760000000000;0.833333333333,15
4,6,magnesium,flavanoids,0.8310000000000001,0.045650848842053296,0.880000000000;0.760000000000;0.800000000000;0.840000000000;0.875000000000,16
3,6,alcalinity_of_ash,flavanoids,0.8309999999999998,0.07696752561957541,0.880000000000;0.680000000000;0.840000000000;0.880000000000;0.875000000000,17
6,11,flavanoids,od280/od315_of_diluted_wines,0.8220000000000001,0.0567097875150313,0.800000000000;0.920000000000;0.800000000000;0.840000000000;0.750000000000,18
8,9,proanthocyanins,color_intensity,0.8220000000000001,0.0620966987850401,0.840000000000;0.840000000000;0.920000000000;0.760000000000;0.750000000000,19
8,12,proanthocyanins,proline,0.8153333333333332,0.09255869008964586,0.640000000000;0.840000000000;0.840000000000;0.840000000000;0.916666666667,20
1,9,malic_acid,color_intensity,0.8143333333333335,0.08275532879787527,0.880000000000;0.920000000000;0.800000000000;0.680000000000;0.791666666667,21
2,6,ash,flavanoids,0.8073333333333335,0.05751907896032796,0.760000000000;0.800000000000;0.800000000000;0.760000000000;0.916666666667,22
0,7,alcohol,nonflavanoid_phenols,0.8066666666666666,0.05811865258054232,0.880000000000;0.720000000000;0.760000000000;0.840000000000;0.833333333333,23
1,12,malic_acid,proline,0.806,0.0656048778674269,0.720000000000;0.880000000000;0.800000000000;0.880000000000;0.750000000000,24
1,6,malic_acid,flavanoids,0.7986666666666667,0.04266666666666668,0.800000000000;0.800000000000;0.840000000000;0.720000000000;0.833333333333,25
5,6,total_phenols,flavanoids,0.798,0.028565713714171395,0.840000000000;0.800000000000;0.800000000000;0.800000000000;0.750000000000,26
5,10,total_phenols,hue,0.7903333333333333,0.029672284112357172,0.840000000000;0.800000000000;0.760000000000;0.760000000000;0.791666666667,27
0,1,alcohol,malic_acid,0.79,0.03224903099319419,0.800000000000;0.840000000000;0.800000000000;0.760000000000;0.750000000000,28
0,8,alcohol,proanthocyanins,0.79,0.07848566748139434,0.680000000000;0.800000000000;0.920000000000;0.800000000000;0.750000000000,29
2,12,ash,proline,0.7826666666666667,0.04649492206443386,0.720000000000;0.760000000000;0.760000000000;0.840000000000;0.833333333333,30
6,8,flavanoids,proanthocyanins,0.7826666666666667,0.04649492206443386,0.760000000000;0.840000000000;0.720000000000;0.760000000000;0.833333333333,31
3,9,alcalinity_of_ash,color_intensity,0.7826666666666667,0.06388879227045836,0.720000000000;0.880000000000;0.760000000000;0.720000000000;0.833333333333,32
0,3,alcohol,alcalinity_of_ash,0.7743333333333333,0.047276961737310386,0.800000000000;0.680000000000;0.800000000000;0.800000000000;0.791666666667,33
7,12,nonflavanoid_phenols,proline,0.774,0.03322649545167233,0.720000000000;0.800000000000;0.800000000000;0.800000000000;0.750000000000,34
3,11,alcalinity_of_ash,od280/od315_of_diluted_wines,0.774,0.06053098380168624,0.800000000000;0.880000000000;0.720000000000;0.720000000000;0.750000000000,35
6,7,flavanoids,nonflavanoid_phenols,0.7586666666666667,0.0653741369180334,0.840000000000;0.720000000000;0.680000000000;0.720000000000;0.833333333333,36
5,12,total_phenols,proline,0.7583333333333333,0.03402613374713294,0.720000000000;0.800000000000;0.720000000000;0.760000000000;0.791666666667,37
4,11,magnesium,od280/od315_of_diluted_wines,0.758,0.025612496949731417,0.800000000000;0.760000000000;0.720000000000;0.760000000000;0.750000000000,38
4,12,magnesium,proline,0.758,0.05670978751503129,0.680000000000;0.800000000000;0.720000000000;0.840000000000;0.750000000000,39
7,9,nonflavanoid_phenols,color_intensity,0.758,0.08009993757800314,0.640000000000;0.880000000000;0.720000000000;0.800000000000;0.750000000000,40
4,9,magnesium,color_intensity,0.7416666666666668,0.06601346663960146,0.680000000000;0.840000000000;0.800000000000;0.680000000000;0.708333333333,41
8,10,proanthocyanins,hue,0.7416666666666667,0.07069496288829762,0.720000000000;0.680000000000;0.720000000000;0.880000000000;0.708333333333,42
5,11,total_phenols,od280/od315_of_diluted_wines,0.7416666666666668,0.0750851368632819,0.760000000000;0.880000000000;0.680000000000;0.680000000000;0.708333333333,43
0,2,alcohol,ash,0.7336666666666667,0.041957650606825506,0.680000000000;0.720000000000;0.800000000000;0.760000000000;0.708333333333,44
2,10,ash,hue,0.727,0.1157410903698423,0.600000000000;0.720000000000;0.840000000000;0.600000000000;0.875000000000,45
3,12,alcalinity_of_ash,proline,0.7256666666666667,0.017751369274259132,0.760000000000;0.720000000000;0.720000000000;0.720000000000;0.708333333333,46
1,5,malic_acid,total_phenols,0.7253333333333333,0.07937533901939849,0.680000000000;0.880000000000;0.680000000000;0.720000000000;0.666666666667,47
2,3,ash,alcalinity_of_ash,0.7190000000000001,0.10278132126023676,0.760000000000;0.720000000000;0.680000000000;0.560000000000;0.875000000000,48
1,11,malic_acid,od280/od315_of_diluted_wines,0.7176666666666668,0.05676070628328878,0.640000000000;0.760000000000;0.800000000000;0.680000000000;0.708333333333,49
2,9,ash,color_intensity,0.7106666666666668,0.10080564358099094,0.640000000000;0.800000000000;0.720000000000;0.560000000000;0.833333333333,50
0,4,alcohol,magnesium,0.7096666666666668,0.04648058136947562,0.760000000000;0.640000000000;0.760000000000;0.680000000000;0.708333333333,51
4,10,magnesium,hue,0.7096666666666668,0.04648058136947562,0.680000000000;0.680000000000;0.800000000000;0.680000000000;0.708333333333,52
2,11,ash,od280/od315_of_diluted_wines,0.7020000000000001,0.10814804667676621,0.640000000000;0.800000000000;0.800000000000;0.520000000000;0.750000000000,53
4,5,magnesium,total_phenols,0.6940000000000001,0.05199999999999999,0.760000000000;0.680000000000;0.640000000000;0.640000000000;0.750000000000,54
3,10,alcalinity_of_ash,hue,0.686,0.07578918128598568,0.640000000000;0.640000000000;0.800000000000;0.600000000000;0.750000000000,55
7,10,nonflavanoid_phenols,hue,0.6856666666666666,0.05769267236351984,0.640000000000;0.760000000000;0.600000000000;0.720000000000;0.708333333333,56
1,8,malic_acid,proanthocyanins,0.6849999999999999,0.09767292357659824,0.600000000000;0.600000000000;0.840000000000;0.760000000000;0.625000000000,57
4,7,magnesium,nonflavanoid_phenols,0.6769999999999999,0.08170679286326198,0.800000000000;0.680000000000;0.560000000000;0.720000000000;0.625000000000,58
3,5,alcalinity_of_ash,total_phenols,0.67,0.07536577472566706,0.720000000000;0.560000000000;0.720000000000;0.600000000000;0.750000000000,59
5,7,total_phenols,nonflavanoid_phenols,0.6693333333333332,0.052931821976744564,0.640000000000;0.600000000000;0.680000000000;0.760000000000;0.666666666667,60
4,8,magnesium,proanthocyanins,0.6623333333333333,0.07114617191232271,0.600000000000;0.600000000000;0.640000000000;0.680000000000;0.791666666667,61
1,3,malic_acid,alcalinity_of_ash,0.6613333333333333,0.01808621328833406,0.640000000000;0.640000000000;0.680000000000;0.680000000000;0.666666666667,62
7,11,nonflavanoid_phenols,od280/od315_of_diluted_wines,0.6613333333333332,0.05373184447895969,0.600000000000;0.720000000000;0.600000000000;0.720000000000;0.666666666667,63
3,8,alcalinity_of_ash,proanthocyanins,0.6613333333333333,0.07380454668318957,0.520000000000;0.680000000000;0.720000000000;0.720000000000;0.666666666667,64
8,11,proanthocyanins,od280/od315_of_diluted_wines,0.6533333333333333,0.06902495522957218,0.600000000000;0.760000000000;0.560000000000;0.680000000000;0.666666666667,65
3,4,alcalinity_of_ash,magnesium,0.6453333333333333,0.10485121734046668,0.600000000000;0.680000000000;0.480000000000;0.800000000000;0.666666666667,66
5,8,total_phenols,proanthocyanins,0.645,0.031304951684997084,0.600000000000;0.680000000000;0.680000000000;0.640000000000;0.625000000000,67
1,4,malic_acid,magnesium,0.6446666666666667,0.06678655886063037,0.600000000000;0.600000000000;0.760000000000;0.680000000000;0.583333333333,68
1,2,malic_acid,ash,0.6373333333333333,0.05491002741859731,0.600000000000;0.640000000000;0.720000000000;0.560000000000;0.666666666667,69
1,10,malic_acid,hue,0.6363333333333333,0.11866104855614772,0.800000000000;0.520000000000;0.760000000000;0.560000000000;0.541666666667,70
2,5,ash,total_phenols,0.6293333333333333,0.04414118761932492,0.600000000000;0.640000000000;0.680000000000;0.560000000000;0.666666666667,71
2,8,ash,proanthocyanins,0.6290000000000001,0.08901685233707154,0.600000000000;0.560000000000;0.800000000000;0.560000000000;0.625000000000,72
10,11,hue,od280/od315_of_diluted_wines,0.6283333333333333,0.08875684637129566,0.640000000000;0.760000000000;0.680000000000;0.520000000000;0.541666666667,73
3,7,alcalinity_of_ash,nonflavanoid_phenols,0.5973333333333334,0.08533333333333332,0.560000000000;0.480000000000;0.560000000000;0.720000000000;0.666666666667,74
1,7,malic_acid,nonflavanoid_phenols,0.581,0.07213875518748573,0.640000000000;0.600000000000;0.440000000000;0.600000000000;0.625000000000,75
2,7,ash,nonflavanoid_phenols,0.5736666666666668,0.07831843830017156,0.600000000000;0.560000000000;0.480000000000;0.520000000000;0.708333333333,76
7,8,nonflavanoid_phenols,proanthocyanins,0.5726666666666668,0.0689089576502536,0.600000000000;0.440000000000;0.600000000000;0.640000000000;0.583333333333,77
2,4,ash,magnesium,0.5566666666666668,0.06525164961729152,0.480000000000;0.480000000000;0.640000000000;0.600000000000;0.583333333333,78
