method,method_label,n_total,n_generated,fit_s,predict_s,total_s,accuracy,accuracy_pct,paper_accuracy_pct,accuracy_delta_pp,paper_total_s,timing_reportable,fit_runs_s,predict_runs_s,total_runs_s
knn,k-NN (k=5),1000,999,0.0002726250095292926,0.0034750410122796893,0.003747666021808982,0.8766666666666667,87.66666666666667,,,,True,0.006013334;0.000272625;0.000201667,0.006930875;0.003475041;0.003371833,0.012944209;0.003747666;0.003573500
linear_svm,Linear SVM,1000,999,0.0005946661112830043,4.5958906412124634e-05,0.0006406250176951289,0.8933333333333333,89.33333333333333,,,,True,0.004924958;0.000594666;0.000492250,0.000296084;0.000045959;0.000037875,0.005221042;0.000640625;0.000530125
rbf_svm,RBF SVM,1000,999,0.0013556249905377626,0.0012489579385146499,0.0025660829851403832,0.8833333333333333,88.33333333333333,,,,True,0.002010750;0.001355625;0.001317125,0.001250084;0.001209041;0.001248958,0.003260834;0.002564666;0.002566083
hull_seq,4k-FPH (sequential),1000,999,0.00038100000913870335,0.0007973749889060855,0.0011783749980447888,0.8966666666666666,89.66666666666666,,,,True,0.000384001;0.000381000;0.000379083,0.001248292;0.000797375;0.000763041,0.001632293;0.001178375;0.001142124
hull_par,P-4k-FPH (parallel),1000,999,0.0002880000279428363,0.0007562079699710011,0.0010442079979138374,0.8966666666666666,89.66666666666666,,,,True,0.000288000;0.000295542;0.000231875,0.000756208;0.000757042;0.000744291,0.001044208;0.001052584;0.000976166
knn,k-NN (k=5),10000,9999,0.00100883306004107,0.03046345803886652,0.03135649999603629,0.8766666666666667,87.66666666666667,,,,True,0.001008833;0.000893042;0.001025250,0.030880084;0.030463458;0.029932167,0.031888917;0.031356500;0.030957417
linear_svm,Linear SVM,10000,9999,0.0034004999324679375,0.00012866698671132326,0.0036661250051110983,0.89,89.0,,,,True,0.003400500;0.003537458;0.003306709,0.005190208;0.000128667;0.000111750,0.008590708;0.003666125;0.003418459
rbf_svm,RBF SVM,10000,9999,0.09355637500993907,0.10565675003454089,0.19926041702274233,0.8893333333333333,88.93333333333334,,,,True,0.094428875;0.093556375;0.093523834,0.105656750;0.105655333;0.105736583,0.200085625;0.199211708;0.199260417
hull_seq,4k-FPH (sequential),10000,9999,0.0029237909590559006,0.0023123749997466803,0.005207956896509409,0.8903333333333333,89.03333333333333,,,,True,0.002951667;0.002891750;0.002923791,0.002481125;0.002312375;0.002284166,0.005432792;0.005204125;0.005207957
hull_par,P-4k-FPH (parallel),10000,9999,0.0012803749687671662,0.0022981660440564156,0.003609292003668845,0.8903333333333333,89.03333333333333,,,,True,0.001280375;0.001334166;0.001232042,0.002328917;0.002298166;0.002282917,0.003609292;0.003632332;0.003514959
knn,k-NN (k=5),100000,99999,0.012843291973695159,0.2948864159407094,0.30772970791440457,0.87,87.0,,,,True,0.013342417;0.012843292;0.012815125,0.295349875;0.294886416;0.293660375,0.308692292;0.307729708;0.306475500
linear_svm,Linear SVM,100000,99999,0.034574209013953805,0.0007641250267624855,0.03533833404071629,0.8867,88.67,,,,True,0.034680542;0.034574209;0.034559208,0.000760625;0.000764125;0.000767042,0.035441167;0.035338334;0.035326250
rbf_svm,RBF SVM,100000,99999,,,,,,,,,False,,,
hull_seq,4k-FPH (sequential),100000,99999,0.027616292094495714,0.018917666980996728,0.046533959075492445,0.8868,88.68,,,,True,0.028340292;0.027616292;0.027412876,0.021674250;0.018917667;0.018854167,0.050014542;0.046533959;0.046267043
hull_par,P-4k-FPH (parallel),100000,99999,0.015907875094495712,0.018701666966080666,0.03469958302558213,0.8868,88.68,,,,True,0.010123125;0.015907875;0.020916001,0.018701667;0.018791708;0.018624250,0.028824792;0.034699583;0.039540251
knn,k-NN (k=5),1000000,999999,0.1422360410215333,2.987705749925226,3.132820750004612,0.8702466666666666,87.02466666666666,87.02,0.0046666666666652645,1.4349,True,0.145115000;0.142236041;0.142077916,2.987705750;3.084010375;2.980864334,3.132820750;3.226246416;3.122942250
linear_svm,Linear SVM,1000000,999999,0.4620594580192119,0.00839116598945111,0.47044712502975017,0.88475,88.47500000000001,88.48,-0.0049999999999954525,0.9473,True,0.462059458;0.459513916;0.462576542,0.008387667;0.008460125;0.008391166,0.470447125;0.467974041;0.470967708
rbf_svm,RBF SVM,1000000,999999,,,,,,,,,False,,,
hull_seq,4k-FPH (sequential),1000000,999999,0.24824816799299532,0.22208491701167077,0.4730740430117186,0.8847333333333334,88.47333333333334,88.47,0.0033333333333445125,0.3143,True,0.248248168;0.246408333;0.269698626,0.224825875;0.220801083;0.222084917,0.473074043;0.467209416;0.491783543
hull_par,P-4k-FPH (parallel),1000000,999999,0.09745387599299532,0.21455525001510978,0.3190677099065749,0.8847333333333334,88.47333333333334,88.47,0.0033333333333445125,0.2925,True,0.097453876;0.094190292;0.109891292,0.221613834;0.214180834;0.214555250,0.319067710;0.308371126;0.324446542
knn,k-NN (k=5),10000000,9999999,2.6443528330419213,36.114421291975304,38.699912082985975,0.8695406666666666,86.95406666666666,,,,True,2.585490791;2.644352833;2.762146292,36.114421292;35.750434584;36.792573333,38.699912083;38.394787417;39.554719625
linear_svm,Linear SVM,10000000,9999999,5.593718291027471,0.08158899995032698,5.675104000023566,0.8848463333333333,88.48463333333333,,,,True,6.211369750;5.593718291;5.583326416,0.082835083;0.081385709;0.081589000,6.294204833;5.675104000;5.664915416
rbf_svm,RBF SVM,10000000,9999999,,,,,,,,,False,,,
hull_seq,4k-FPH (sequential),10000000,9999999,2.53470641603539,2.4116644168971106,4.953406207986834,0.8848476666666667,88.48476666666667,,,,True,2.534706416;2.520285959;2.543237375,2.425631084;2.411664417;2.410168833,4.960337500;4.931950376;4.953406208
hull_par,P-4k-FPH (parallel),10000000,9999999,0.9462549580353903,2.6435090419836342,3.560381374987579,0.8848476666666667,88.48476666666667,,,,True,0.946254958;1.037730001;0.916872333,2.477157500;2.654486959;2.643509042,3.423412458;3.692216960;3.560381375
knn,k-NN (k=5),100000000,99999999,39.77214204194024,368.7345079580555,408.5066499999957,0.8696215,86.96215000000001,,,,True,41.760740334;39.772142042;39.729317917,361.759619375;368.734507958;369.091472958,403.520359709;408.506650000;408.820790875
linear_svm,Linear SVM,100000000,99999999,172.41589800000656,0.905440374976024,173.320975957904,0.8848218666666666,88.48218666666666,,,,True,204.296394416;171.553445875;172.415898000,1.126280125;0.905440375;0.905077958,205.422674541;172.458886250;173.320975958
rbf_svm,RBF SVM,100000000,99999999,,,,,,,,,False,,,
hull_seq,4k-FPH (sequential),100000000,99999999,25.46140800000443,22.10439245798625,47.565800457990676,0.8848235666666666,88.48235666666666,,,,True,28.258406250;25.461408000;25.164796333,22.306960500;22.104392458;21.837739333,50.565366750;47.565800458;47.002535666
hull_par,P-4k-FPH (parallel),100000000,99999999,10.09938345800443,23.30314437497873,33.40252783298316,0.8848235666666666,88.48235666666666,,,,True,12.162922916;10.099383458;9.328961333,22.592209209;23.303144375;23.763070166,34.755132125;33.402527833;33.092031499
